trial,execution_seconds,char_comparisons,hash_operations,token_checks,matches,true_positives,false_positives
1,14.216966,422880,363475626,0,70480,0,70480
2,13.492758,422880,363475626,0,70480,0,70480
3,13.399259,422880,363475626,0,70480,0,70480
4,13.857147,422880,363475626,0,70480,0,70480
5,14.032941,422880,363475626,0,70480,0,70480
