trial,execution_seconds,char_comparisons,hash_operations,token_checks,matches,true_positives,false_positives
1,2.563884,262315529,0,0,0,0,0
2,2.621646,262315529,0,0,0,0,0
3,2.715511,262315529,0,0,0,0,0
4,2.861111,262315529,0,0,0,0,0
5,2.780381,262315529,0,0,0,0,0
