trial,execution_seconds,char_comparisons,hash_operations,token_checks,matches,true_positives,false_positives
1,0.085174,4693724,0,0,13,13,0
2,0.090006,4693724,0,0,13,13,0
3,0.083734,4693724,0,0,13,13,0
4,0.089409,4693724,0,0,13,13,0
5,0.088809,4693724,0,0,13,13,0
