trial,execution_seconds,char_comparisons,hash_operations,token_checks,matches,true_positives,false_positives
1,0.061742,5259971,0,0,0,0,0
2,0.058448,5259971,0,0,0,0,0
3,0.076419,5259971,0,0,0,0,0
4,0.066075,5259971,0,0,0,0,0
5,0.049866,5259971,0,0,0,0,0
