trial,execution_seconds,char_comparisons,hash_operations,token_checks,matches,true_positives,false_positives
1,0.962155,20436,14506782,0,3406,0,3406
2,0.910448,20436,14506782,0,3406,0,3406
3,0.814917,20436,14506782,0,3406,0,3406
4,0.677987,20436,14506782,0,3406,0,3406
5,0.701829,20436,14506782,0,3406,0,3406
