trial,execution_seconds,char_comparisons,hash_operations,token_checks,matches,true_positives,false_positives
1,2.388054,0,52169023,0,0,0,0
2,2.151787,0,52169023,0,0,0,0
3,2.118560,0,52169023,0,0,0,0
4,2.235964,0,52169023,0,0,0,0
5,2.064814,0,52169023,0,0,0,0
